{
    "customers": [
        {
            "first_name": "Alex",
            "last_name": "Don",
            "phone_number": "647-986-5432",
            "email": "Alex_Don@gmail.com",
            "address": "22 young street",
            "city": "Toronto",
            "state": "on",
            "postal_code": "V4R0J9",
            "car_model": "Dodge",
            "claim": "The car was damaged from side in an intersection."
        },
        {
            "first_name": "sasda",
            "last_name": "Don",
            "phone_number": "647-986-5432",
            "email": "Alex_Don@gmail.com",
            "address": "22 young street",
            "city": "Toronto",
            "state": "on",
            "postal_code": "V4R0J9",
            "car_model": "Dodge",
            "claim": "The car was damaged from side in an intersection."
        }
    ]
}